Variation,Total clients,Complete all steps,Percentage
Test,26961,18682,69.29268202218019
Control,23526,15428,65.57850888378815
